Key,Source,Context,Example
action.position.move_down,아래로 보내기,행동 선택지,
action.position.move_left,왼쪽으로 보내기,행동 선택지,
action.position.move_right,오른쪽으로 보내기,행동 선택지,
action.position.move_up,위로 보내기,행동 선택지,
action.slope.decrease,빛 다리 끝 내리기,행동 선택지,
action.slope.increase,빛 다리 끝 올리기,행동 선택지,
action.slope.set_zero,빛 다리 평평하게 놓기,행동 선택지,
choice.use_label,수학 이름으로 말하기,말하기 선택지,
coop.invite_friend,친구와 함께 가기,함께하기 안내,
coop.npc_takes_prism,루미가 다른 프리즘을 맡을게.,함께하기 안내,
coop.partner_waiting,다른 프리즘에서 탐험가가 기다리고 있어.,함께하기 안내,
coop.prism.left,왼쪽 프리즘,함께하기 안내,
coop.prism.right,오른쪽 프리즘,함께하기 안내,
coop.ready,준비 완료,함께하기 안내,
expr.position.down,아래,수식 표기,
expr.position.left,왼쪽,수식 표기,
expr.position.right,오른쪽,수식 표기,
expr.position.up,위,수식 표기,
expr.slope.flat,평평하게,수식 표기,
expr.slope.rise_less,덜 올라가게,수식 표기,
expr.slope.rise_more,더 올라가게,수식 표기,
goal.portal,다음 구역 입구를 찾자,HUD 목표,
goal.signal_1,빛나는 신호 패널에 다가가 보자,HUD 목표,
goal.signal_2,루미를 신호 칸으로 보내자,HUD 목표,
goal.signal_3,빛 다리를 게이트에 닿게 하자,HUD 목표,
hint.coordinate.l1,출발 칸에서 가로줄과 세로줄에 빛이 켜졌어. 빛줄을 따라 세어 봐.,힌트,
hint.coordinate.l2,"출발 칸에서 신호 칸까지, 옆으로 몇 칸이고 위아래로 몇 칸일까?",힌트,
hint.coordinate.l3,"옆 드론은 출발 칸에서 왼쪽 1, 아래 2로 날아가 자기 칸에 닿았어. 같은 방법으로 세어 보자.",힌트,
hint.reuse.coordinate.l1,출발점에서 가로줄과 세로줄에 빛이 켜졌어. 빛줄을 따라 세어 봐.,힌트,
hint.reuse.coordinate.l2,"출발점에서 목표까지, 옆으로 몇 칸이고 위아래로 몇 칸일까?",힌트,
hint.reuse.coordinate.l3,"옆 드론은 출발점에서 오른쪽 2, 아래 2로 날아가 자기 자리에 닿았어. 같은 방법으로 세어 보자.",힌트,
hint.reuse.slope.l1,목표 높이에 빛줄이 켜졌어. 레일 끝과 견주어 봐.,힌트,
hint.reuse.slope.l2,레일 끝과 목표 중에 어느 쪽이 더 높아?,힌트,
hint.reuse.slope.l3,"옆 작은 레일은 끝이 너무 높았는데, 덜 올라가게 바꾸니 닿았어. 네 레일 끝은 어때?",힌트,
hint.slope.l1,문턱 높이에 빛줄이 켜졌어. 다리 끝과 견주어 봐.,힌트,
hint.slope.l2,다리 끝과 문턱 중에 어느 쪽이 더 높아?,힌트,
hint.slope.l3,"옆 작은 다리는 끝이 너무 높았는데, 덜 올라가게 바꾸니 닿았어. 네 다리 끝은 어때?",힌트,
label.coordinate.line,"출발 칸에서 오른쪽 2, 위 1 → (2, 1). 방금 네가 쓴 말을 수학에서는 좌표라고 불러.",이름표 대사,
label.slope.line,방금 더 올라가게 바꾼 건 다리의 기울기야. 옆으로 한 칸 갈 때 다리가 얼마나 올라가는지를 수학에서는 기울기라고 불러. 평평하면 기울기 0이야.,이름표 대사,
npc.signal_drone.name,루미,동행 캐릭터 이름,
pacing.continue,계속하기,쉬어가기 선택지,
pacing.rest,쉬기,쉬어가기 선택지,
ping.follow,따라와,신호 버튼,
ping.help,도와줘,신호 버튼,
ping.here,여기,신호 버튼,
ping.ready,준비,신호 버튼,
prompt.signal_panel.activate,신호 패널 켜기,조작 안내,
resp.coordinate.drone_lands,루미가 신호 칸에 도착했어! 신호 2/3 복구.,월드 반응,
resp.coordinate.other_spot,루미가 다른 칸에 내렸다가 출발 칸으로 돌아왔어. 다시 골라 보자.,월드 반응,
resp.gate_open,도시 언어 게이트가 열렸어!,월드 반응,
resp.reuse.coordinate.anchor_set,출발 칸에 빛 기둥이 섰어.,월드 반응,
resp.reuse.coordinate.delivered,등불이 켜졌어!,월드 반응,
resp.reuse.coordinate.portal_found,루미가 Metro District 입구를 비췄어.,월드 반응,
resp.reuse.slope.bridge_flat,다리가 평평해져서 건널 수 있어!,월드 반응,
resp.reuse.slope.metro_rail_set,열차 레일이 플랫폼에 닿았어.,월드 반응,
resp.reuse.slope.ramp_reached,레일이 위 광장에 닿았어!,월드 반응,
resp.signal_1.panel_lit,신호 1/3 복구! 멀리 도시 불빛이 켜졌어.,월드 반응,
resp.slope.bridge_reaches,빛 다리가 게이트 문턱에 닿았어! 신호 3/3 복구.,월드 반응,
resp.slope.other_height,다리 끝이 문턱과 높이가 달라. 다리를 다시 바꿔 보자.,월드 반응,
retry.again,다른 방법으로 다시 해 보자.,다시 하기 안내,
reward.coop_trail.name,함께 걸은 빛 자국,보상 이름,
reward.explorer_badge.name,도시 언어 탐험가 배지,보상 이름,
reward.explorer_card.name,탐험 카드,보상 이름,
role.map_reader.name,길 안내,역할 이름,
role.switch_holder.name,프리즘 지킴이,역할 이름,
sit.coordinate.drone_waiting,루미가 출발 칸에서 신호 칸으로 가야 해. 어느 쪽으로 몇 칸 보낼까?,상황 설명,
sit.gate_dark,도시 언어 게이트가 꺼져 있어. 신호 패널 하나만 켜 보자.,상황 설명,
sit.reuse.coordinate.drone_delivery,광장 등불에 부품을 보내야 해. 어디로 보낼까?,상황 설명,
sit.reuse.coordinate.portal_map,탐험 카드 지도에 다음 구역 입구가 빛나. 루미를 그쪽으로 보내 줘.,상황 설명,
sit.reuse.coordinate.slope_anchor,빛 다리를 놓을 출발 칸을 골라 줘.,상황 설명,
sit.reuse.slope.booster_ramp,빛 레일을 타고 위 광장으로 가 보자. 출발점은 그대로야. 레일을 어떻게 놓을까?,상황 설명,
sit.reuse.slope.metro_preview,Metro District 열차 레일이 출발점에서 뻗어 나가는데 끝이 플랫폼에 못 미쳐. 레일을 어떻게 바꿀까?,상황 설명,
sit.reuse.slope.partner_bridge,두 탑 사이 다리가 기울어서 건널 수 없어. 다리를 어떻게 놓을까?,상황 설명,
sit.slope.bridge_low,빛 다리가 출발점에서 뻗어 나가는데 게이트 문턱에 닿지 않아. 다리를 어떻게 바꿀까?,상황 설명,
term.coordinate.name,좌표,수학 용어 이름,
term.slope.name,기울기,수학 용어 이름,
unlock.light_rail_booster.name,빛 레일 부스터,열린 길 이름,
world.city_language_gate.title,도시 언어 게이트,월드 이름,
world.neo_seoul.name,Neo Seoul,월드 이름,
zone.metro_district.name,Metro District,구역 안내,
zone.recommend,추천 — Metro District. 친구와 함께 갈 수 있어.,구역 안내,
